user,game,number,date
Kaibigan,GA Pick-3 Midday,799,2025-12-01
Kaibigan,GA Pick-3 Evening,858,2025-12-01
Kaibigan,FL Pick-4 Midday,2805,2025-12-01
Kaibigan,FL Pick-4 Evening,6720,2025-12-01
Kaibigan,GA Pick-3 Midday,664,2025-12-02
Kaibigan,GA Pick-3 Evening,646,2025-12-02
Kaibigan,FL Pick-4 Evening,3336,2025-12-02
Kaibigan,FL Pick-4 Midday,5772,2025-12-02
Kaibigan,FL Pick-4 Evening,2681,2025-12-03
Kaibigan,FL Pick-4 Midday,1356,2025-12-03
Kaibigan,GA Pick-3 Evening,047,2025-12-03
Kaibigan,GA Pick-3 Midday,493,2025-12-03
Kaibigan,GA Pick-3 Evening,189,2025-12-04
Kaibigan,GA Pick-3 Midday,313,2025-12-04
Kaibigan,FL Pick-4 Evening,9860,2025-12-04
Kaibigan,FL Pick-4 Midday,3286,2025-12-04
Kaibigan,GA Pick-3 Midday,216,2025-12-05
Kaibigan,FL Pick-4 Evening,6228,2025-12-05
Kaibigan,FL Pick-4 Midday,6334,2025-12-05
Kaibigan,GA Pick-3 Evening,041,2025-12-05
Kaibigan,GA Pick-3 Midday,508,2025-12-06
Kaibigan,FL Pick-4 Evening,2170,2025-12-06
Kaibigan,FL Pick-4 Midday,7149,2025-12-06
Kaibigan,GA Pick-3 Evening,168,2025-12-06
Kaibigan,FL Pick-4 Evening,1522,2025-12-07
Kaibigan,GA Pick-3 Evening,283,2025-12-07
Kaibigan,GA Pick-3 Midday,034,2025-12-07
Kaibigan,FL Pick-4 Midday,5770,2025-12-07
Kaibigan,FL Pick-4 Midday,5876,2025-12-08
Kaibigan,FL Pick-4 Evening,3919,2025-12-08
Kaibigan,GA Pick-3 Midday,628,2025-12-08
Kaibigan,GA Pick-3 Evening,493,2025-12-08
Kaibigan,FL Pick-4 Evening,0015,2025-12-09
Kaibigan,FL Pick-4 Midday,3720,2025-12-09
Kaibigan,GA Pick-3 Evening,336,2025-12-09
Kaibigan,GA Pick-3 Midday,894,2025-12-09
Kaibigan,FL Pick-4 Evening,6992,2025-12-10
Kaibigan,FL Pick-4 Midday,3793,2025-12-10
Kaibigan,GA Pick-3 Midday,735,2025-12-10
Kaibigan,GA Pick-3 Evening,994,2025-12-10
Kaibigan,FL Pick-4 Evening,4237,2025-12-11
Kaibigan,FL Pick-4 Midday,8213,2025-12-11
Kaibigan,GA Pick-3 Evening,478,2025-12-11
Kaibigan,GA Pick-3 Midday,158,2025-12-11
Kaibigan,FL Pick-4 Evening,4180,2025-12-12
Kaibigan,FL Pick-4 Midday,5357,2025-12-12
Kaibigan,GA Pick-3 Evening,284,2025-12-12
Kaibigan,GA Pick-3 Midday,479,2025-12-12
Kaibigan,FL Pick-4 Evening,6108,2025-12-13
Kaibigan,FL Pick-4 Midday,0670,2025-12-13
Kaibigan,GA Pick-3 Evening,688,2025-12-13
Kaibigan,GA Pick-3 Midday,037,2025-12-13
Kaibigan,GA Pick-3 Midday,397,2025-12-14
Kaibigan,FL Pick-4 Midday,6653,2025-12-14
Kaibigan,FL Pick-4 Evening,0893,2025-12-14
Kaibigan,GA Pick-3 Evening,589,2025-12-14
Kaibigan,FL Pick-4 Evening,7057,2025-12-15
Kaibigan,FL Pick-4 Midday,8899,2025-12-15
Kaibigan,GA Pick-3 Midday,932,2025-12-15
Kaibigan,GA Pick-3 Evening,169,2025-12-15
Kaibigan,FL Pick-4 Evening,1092,2025-12-16
Kaibigan,FL Pick-4 Midday,9968,2025-12-16
Kaibigan,GA Pick-3 Evening,881,2025-12-16
Kaibigan,GA Pick-3 Midday,387,2025-12-16
Kaibigan,FL Pick-4 Evening,1888,2025-12-17
Kaibigan,GA Pick-3 Evening,065,2025-12-17
Kaibigan,GA Pick-3 Midday,569,2025-12-17
Kaibigan,FL Pick-4 Midday,3130,2025-12-17
Kaibigan,FL Pick-4 Midday,9251,2025-12-18
Kaibigan,FL Pick-4 Evening,5337,2025-12-18
Kaibigan,GA Pick-3 Evening,552,2025-12-18
Kaibigan,GA Pick-3 Midday,307,2025-12-18
Kaibigan,FL Pick-4 Midday,0117,2025-12-19
Kaibigan,FL Pick-4 Evening,9767,2025-12-19
Kaibigan,GA Pick-3 Midday,704,2025-12-19
Kaibigan,GA Pick-3 Evening,824,2025-12-19
Kaibigan,FL Pick-4 Evening,8934,2025-12-20
Kaibigan,FL Pick-4 Midday,6976,2025-12-20
Kaibigan,GA Pick-3 Evening,994,2025-12-20
Kaibigan,GA Pick-3 Midday,689,2025-12-20
Kaibigan,FL Pick-4 Evening,3918,2025-12-21
Kaibigan,GA Pick-3 Midday,899,2025-12-21
Kaibigan,FL Pick-4 Midday,4569,2025-12-21
Kaibigan,GA Pick-3 Evening,762,2025-12-21
Kaibigan,GA Pick-3 Evening,018,2025-12-22
Kaibigan,GA Pick-3 Midday,587,2025-12-22
Kaibigan,FL Pick-4 Midday,7189,2025-12-22
Kaibigan,FL Pick-4 Evening,5105,2025-12-22
